Workbook

Sheet Start Here
B2: SUBASTIAN
B3: The 15-Minute Software Subscription Audit
B4: Find the software subscriptions you forgot you had, the tools that overlap, and the renewals coming up next.
B6: HOW TO USE THIS AUDIT
B7: 1. Pull your statements. Open the last 2–3 months of card and PayPal statements, plus the "subscriptions" page in your app stores.
B8: 2. List every tool on the Inventory tab. One row per subscription. Fill in only the yellow cells; everything else calculates itself.
B9: 3. Read the Flags column. It marks tools that overlap another tool in the same category, tools idle 14+ days, and seats you pay for but don't use.
B10: 4. Pick a verdict for every row: Keep, Downgrade, Cancel, or Decide later. If you downgrade, enter the new monthly cost.
B11: 5. Open the Summary tab. It totals your spend, your savings, and every renewal in the next 30 days. Cancel before those dates.
B13: LEGEND
B14: Yellow cells = you type here. White cells = formulas (don't edit). Row 5 on the Inventory tab is an example. Overwrite or delete it.
B15: Works in Excel and Google Sheets (File → Import, or drag the file into Google Drive and open it with Sheets).
... B19: Questions or ideas? Reply to the email this came in, or write to subastianllc@gmail.com. · subastian.us

Sheet Summary
B2: Your Audit Summary
B3: Everything here updates as you fill in the Inventory tab.
B5: SPEND
B6: Subscriptions tracked | C6: =COUNTA(Inventory!$A$5:$A$104) -> 1
B7: Monthly spend | C7: =SUM(Inventory!$F$5:$F$104) -> 10
B8: Annual spend | C8: =SUM(Inventory!$G$5:$G$104) -> 120
B10: WHAT TO LOOK AT
B11: Categories with overlapping tools | C11: =COUNTIF('Category Overlap'!$B$5:$B$19,">1") -> 0
B12: Tools idle 14+ days | C12: =COUNTIF(Inventory!$L$5:$L$104,">=14") -> 1
B13: Renewing in the next 30 days | C13: =COUNTIFS(Inventory!$I$5:$I$104,">=0",Inventory!$I$5:$I$104,"<=30") -> 1
B14: Renewing in the next 7 days | C14: =COUNTIFS(Inventory!$I$5:$I$104,">=0",Inventory!$I$5:$I$104,"<=7") -> 0
B15: Spend renewing in the next 30 days | C15: =SUMIFS(Inventory!$D$5:$D$104,Inventory!$I$5:$I$104,">=0",Inventory!$I$5:$I$104,"<=30") -> 120
B17: YOUR DECISIONS
B18: Marked Cancel | C18: =COUNTIF(Inventory!$P$5:$P$104,"Cancel") -> 0
B19: Marked Downgrade | C19: =COUNTIF(Inventory!$P$5:$P$104,"Downgrade") -> 0
B20: Still undecided | C20: =COUNTIF(Inventory!$P$5:$P$104,"Decide later")+COUNTA(Inventory!$A$5:$A$104)-COUNTA(Inventory!$P$5:$P$104) -> 1
B21: Monthly savings from your decisions | C21: =SUM(Inventory!$R$5:$R$104) -> 0
B22: Annual savings from your decisions | C22: =SUM(Inventory!$S$5:$S$104) -> 0
B23: Share of annual spend saved | C23: =IF(C8=0,0,C22/C8) -> 0
B26: Subastian will do this for you, all the time. You're on the founding roster: subastian.us

Sheet Inventory
A1: Subscription Inventory
A2: Yellow = you fill in. White = calculated. One row per subscription. Row 5 is an example; overwrite it.
A3: Today: | B3: =TODAY() -> 46289
A4: Tool | B4: Category | C4: Plan / tier | D4: Price per billing ($) | E4: Billing cycle | F4: Monthly cost ($) | G4: Annual cost ($) | H4: Next renewal | I4: Days to renewal | J4: Renewal alert | K4: Last used | L4: Days idle | M4: Seats paid | N4: Seats used | O4: Flags | P4: Verdict | Q4: New monthly cost ($) | R4: Monthly savings ($) | S4: Annual savings ($) | T4: Notes
A5: Example: design app | B5: Design | C5: Pro (1 seat) | D5: 120 | E5: Annual | F5: =IF(D5="","",D5/IFERROR(INDEX(Lists!$D$2:$D$4,MATCH(E5,Lists!$C$2:$C$4,0)),1)) -> 10 | G5: =IF(F5="","",F5*12) -> 120 | H5: 46310 | I5: =IF(H5="","",H5-$B$3) -> 21 | J5: =IF(I5="","",IF(I5<0,"Past - update date",IF(I5=0,"Renews TODAY",IF(I5<=1,"1 day",IF(I5<=3,"3 days",IF(I5<=7,"7 days",IF(I5<=30,"30 days","OK"))))))) -> 30 days | K5: 46249 | L5: =IF(K5="","",$B$3-K5) -> 40 | M5: 1 | N5: 1 | O5: =IF(A5="","",IF(AND(B5<>"",COUNTIF($B$5:$B$104,B5)>1),"Overlap: "&COUNTIF($B$5:$B$104,B5)&" "&B5&" tools. ","")&IF(AND(L5<>"",L5>=14),"Idle "&L5&" days. ","")&IF(AND(M5<>"",N5<>"",M5>N5),M5-N5&" unused seat(s). ","")) -> Idle 40 days. | P5: Decide later | R5: =IF(OR(F5="",P5=""),"",IF(P5="Cancel",F5,IF(AND(P5="Downgrade",Q5<>""),MAX(F5-Q5,0),0))) -> 0 | S5: =IF(R5="","",R5*12) -> 0 | T5: Example row: overwrite with your own tool.
F6: =IF(D6="","",D6/IFERROR(INDEX(Lists!$D$2:$D$4,MATCH(E6,Lists!$C$2:$C$4,0)),1)) | G6: =IF(F6="","",F6*12) | I6: =IF(H6="","",H6-$B$3) | J6: =IF(I6="","",IF(I6<0,"Past - update date",IF(I6=0,"Renews TODAY",IF(I6<=1,"1 day",IF(I6<=3,"3 days",IF(I6<=7,"7 days",IF(I6<=30,"30 days","OK"))))))) | L6: =IF(K6="","",$B$3-K6) | O6: =IF(A6="","",IF(AND(B6<>"",COUNTIF($B$5:$B$104,B6)>1),"Overlap: "&COUNTIF($B$5:$B$104,B6)&" "&B6&" tools. ","")&IF(AND(L6<>"",L6>=14),"Idle "&L6&" days. ","")&IF(AND(M6<>"",N6<>"",M6>N6),M6-N6&" unused seat(s). ","")) | R6: =IF(OR(F6="",P6=""),"",IF(P6="Cancel",F6,IF(AND(P6="Downgrade",Q6<>""),MAX(F6-Q6,0),0))) | S6: =IF(R6="","",R6*12)
F7: =IF(D7="","",D7/IFERROR(INDEX(Lists!$D$2:$D$4,MATCH(E7,Lists!$C$2:$C$4,0)),1)) | G7: =IF(F7="","",F7*12) | I7: =IF(H7="","",H7-$B$3) | J7: =IF(I7="","",IF(I7<0,"Past - update date",IF(I7=0,"Renews TODAY",IF(I7<=1,"1 day",IF(I7<=3,"3 days",IF(I7<=7,"7 days",IF(I7<=30,"30 days","OK"))))))) | L7: =IF(K7="","",$B$3-K7) | O7: =IF(A7="","",IF(AND(B7<>"",COUNTIF($B$5:$B$104,B7)>1),"Overlap: "&COUNTIF($B$5:$B$104,B7)&" "&B7&" tools. ","")&IF(AND(L7<>"",L7>=14),"Idle "&L7&" days. ","")&IF(AND(M7<>"",N7<>"",M7>N7),M7-N7&" unused seat(s). ","")) | R7: =IF(OR(F7="",P7=""),"",IF(P7="Cancel",F7,IF(AND(P7="Downgrade",Q7<>""),MAX(F7-Q7,0),0))) | S7: =IF(R7="","",R7*12)
F8: =IF(D8="","",D8/IFERROR(INDEX(Lists!$D$2:$D$4,MATCH(E8,Lists!$C$2:$C$4,0)),1)) | G8: =IF(F8="","",F8*12) | I8: =IF(H8="","",H8-$B$3) | J8: =IF(I8="","",IF(I8<0,"Past - update date",IF(I8=0,"Renews TODAY",IF(I8<=1,"1 day",IF(I8<=3,"3 days",IF(I8<=7,"7 days",IF(I8<=30,"30 days","OK"))))))) | L8: =IF(K8="","",$B$3-K8) | O8: =IF(A8="","",IF(AND(B8<>"",COUNTIF($B$5:$B$104,B8)>1),"Overlap: "&COUNTIF($B$5:$B$104,B8)&" "&B8&" tools. ","")&IF(AND(L8<>"",L8>=14),"Idle "&L8&" days. ","")&IF(AND(M8<>"",N8<>"",M8>N8),M8-N8&" unused seat(s). ","")) | R8: =IF(OR(F8="",P8=""),"",IF(P8="Cancel",F8,IF(AND(P8="Downgrade",Q8<>""),MAX(F8-Q8,0),0))) | S8: =IF(R8="","",R8*12)
F9: =IF(D9="","",D9/IFERROR(INDEX(Lists!$D$2:$D$4,MATCH(E9,Lists!$C$2:$C$4,0)),1)) | G9: =IF(F9="","",F9*12) | I9: =IF(H9="","",H9-$B$3) | J9: =IF(I9="","",IF(I9<0,"Past - update date",IF(I9=0,"Renews TODAY",IF(I9<=1,"1 day",IF(I9<=3,"3 days",IF(I9<=7,"7 days",IF(I9<=30,"30 days","OK"))))))) | L9: =IF(K9="","",$B$3-K9) | O9: =IF(A9="","",IF(AND(B9<>"",COUNTIF($B$5:$B$104,B9)>1),"Overlap: "&COUNTIF($B$5:$B$104,B9)&" "&B9&" tools. ","")&IF(AND(L9<>"",L9>=14),"Idle "&L9&" days. ","")&IF(AND(M9<>"",N9<>"",M9>N9),M9-N9&" unused seat(s). ","")) | R9: =IF(OR(F9="",P9=""),"",IF(P9="Cancel",F9,IF(AND(P9="Downgrade",Q9<>""),MAX(F9-Q9,0),0))) | S9: =IF(R9="","",R9*12)
F10: =IF(D10="","",D10/IFERROR(INDEX(Lists!$D$2:$D$4,MATCH(E10,Lists!$C$2:$C$4,0)),1)) | G10: =IF(F10="","",F10*12) | I10: =IF(H10="","",H10-$B$3) | J10: =IF(I10="","",IF(I10<0,"Past - update date",IF(I10=0,"Renews TODAY",IF(I10<=1,"1 day",IF(I10<=3,"3 days",IF(I10<=7,"7 days",IF(I10<=30,"30 days","OK"))))))) | L10: =IF(K10="","",$B$3-K10) | O10: =IF(A10="","",IF(AND(B10<>"",COUNTIF($B$5:$B$104,B10)>1),"Overlap: "&COUNTIF($B$5:$B$104,B10)&" "&B10&" tools. ","")&IF(AND(L10<>"",L10>=14),"Idle "&L10&" days. ","")&IF(AND(M10<>"",N10<>"",M10>N10),M10-N10&" unused seat(s). ","")) | R10: =IF(OR(F10="",P10=""),"",IF(P10="Cancel",F10,IF(AND(P10="Downgrade",Q10<>""),MAX(F10-Q10,0),0))) | S10: =IF(R10="","",R10*12)
F11: =IF(D11="","",D11/IFERROR(INDEX(Lists!$D$2:$D$4,MATCH(E11,Lists!$C$2:$C$4,0)),1)) | G11: =IF(F11="","",F11*12) | I11: =IF(H11="","",H11-$B$3) | J11: =IF(I11="","",IF(I11<0,"Past - update date",IF(I11=0,"Renews TODAY",IF(I11<=1,"1 day",IF(I11<=3,"3 days",IF(I11<=7,"7 days",IF(I11<=30,"30 days","OK"))))))) | L11: =IF(K11="","",$B$3-K11) | O11: =IF(A11="","",IF(AND(B11<>"",COUNTIF($B$5:$B$104,B11)>1),"Overlap: "&COUNTIF($B$5:$B$104,B11)&" "&B11&" tools. ","")&IF(AND(L11<>"",L11>=14),"Idle "&L11&" days. ","")&IF(AND(M11<>"",N11<>"",M11>N11),M11-N11&" unused seat(s). ","")) | R11: =IF(OR(F11="",P11=""),"",IF(P11="Cancel",F11,IF(AND(P11="Downgrade",Q11<>""),MAX(F11-Q11,0),0))) | S11: =IF(R11="","",R11*12)
F12: =IF(D12="","",D12/IFERROR(INDEX(Lists!$D$2:$D$4,MATCH(E12,Lists!$C$2:$C$4,0)),1)) | G12: =IF(F12="","",F12*12) | I12: =IF(H12="","",H12-$B$3) | J12: =IF(I12="","",IF(I12<0,"Past - update date",IF(I12=0,"Renews TODAY",IF(I12<=1,"1 day",IF(I12<=3,"3 days",IF(I12<=7,"7 days",IF(I12<=30,"30 days","OK"))))))) | L12: =IF(K12="","",$B$3-K12) | O12: =IF(A12="","",IF(AND(B12<>"",COUNTIF($B$5:$B$104,B12)>1),"Overlap: "&COUNTIF($B$5:$B$104,B12)&" "&B12&" tools. ","")&IF(AND(L12<>"",L12>=14),"Idle "&L12&" days. ","")&IF(AND(M12<>"",N12<>"",M12>N12),M12-N12&" unused seat(s). ","")) | R12: =IF(OR(F12="",P12=""),"",IF(P12="Cancel",F12,IF(AND(P12="Downgrade",Q12<>""),MAX(F12-Q12,0),0))) | S12: =IF(R12="","",R12*12)
F13: =IF(D13="","",D13/IFERROR(INDEX(Lists!$D$2:$D$4,MATCH(E13,Lists!$C$2:$C$4,0)),1)) | G13: =IF(F13="","",F13*12) | I13: =IF(H13="","",H13-$B$3) | J13: =IF(I13="","",IF(I13<0,"Past - update date",IF(I13=0,"Renews TODAY",IF(I13<=1,"1 day",IF(I13<=3,"3 days",IF(I13<=7,"7 days",IF(I13<=30,"30 days","OK"))))))) | L13: =IF(K13="","",$B$3-K13) | O13: =IF(A13="","",IF(AND(B13<>"",COUNTIF($B$5:$B$104,B13)>1),"Overlap: "&COUNTIF($B$5:$B$104,B13)&" "&B13&" tools. ","")&IF(AND(L13<>"",L13>=14),"Idle "&L13&" days. ","")&IF(AND(M13<>"",N13<>"",M13>N13),M13-N13&" unused seat(s). ","")) | R13: =IF(OR(F13="",P13=""),"",IF(P13="Cancel",F13,IF(AND(P13="Downgrade",Q13<>""),MAX(F13-Q13,0),0))) | S13: =IF(R13="","",R13*12)
F14: =IF(D14="","",D14/IFERROR(INDEX(Lists!$D$2:$D$4,MATCH(E14,Lists!$C$2:$C$4,0)),1)) | G14: =IF(F14="","",F14*12) | I14: =IF(H14="","",H14-$B$3) | J14: =IF(I14="","",IF(I14<0,"Past - update date",IF(I14=0,"Renews TODAY",IF(I14<=1,"1 day",IF(I14<=3,"3 days",IF(I14<=7,"7 days",IF(I14<=30,"30 days","OK"))))))) | L14: =IF(K14="","",$B$3-K14) | O14: =IF(A14="","",IF(AND(B14<>"",COUNTIF($B$5:$B$104,B14)>1),"Overlap: "&COUNTIF($B$5:$B$104,B14)&" "&B14&" tools. ","")&IF(AND(L14<>"",L14>=14),"Idle "&L14&" days. ","")&IF(AND(M14<>"",N14<>"",M14>N14),M14-N14&" unused seat(s). ","")) | R14: =IF(OR(F14="",P14=""),"",IF(P14="Cancel",F14,IF(AND(P14="Downgrade",Q14<>""),MAX(F14-Q14,0),0))) | S14: =IF(R14="","",R14*12)
F15: =IF(D15="","",D15/IFERROR(INDEX(Lists!$D$2:$D$4,MATCH(E15,Lists!$C$2:$C$4,0)),1)) | G15: =IF(F15="","",F15*12) | I15: =IF(H15="","",H15-$B$3) | J15: =IF(I15="","",IF(I15<0,"Past - update date",IF(I15=0,"Renews TODAY",IF(I15<=1,"1 day",IF(I15<=3,"3 days",IF(I15<=7,"7 days",IF(I15<=30,"30 days","OK"))))))) | L15: =IF(K15="","",$B$3-K15) | O15: =IF(A15="","",IF(AND(B15<>"",COUNTIF($B$5:$B$104,B15)>1),"Overlap: "&COUNTIF($B$5:$B$104,B15)&" "&B15&" tools. ","")&IF(AND(L15<>"",L15>=14),"Idle "&L15&" days. ","")&IF(AND(M15<>"",N15<>"",M15>N15),M15-N15&" unused seat(s). ","")) | R15: =IF(OR(F15="",P15=""),"",IF(P15="Cancel",F15,IF(AND(P15="Downgrade",Q15<>""),MAX(F15-Q15,0),0))) | S15: =IF(R15="","",R15*12)
F16: =IF(D16="","",D16/IFERROR(INDEX(Lists!$D$2:$D$4,MATCH(E16,Lists!$C$2:$C$4,0)),1)) | G16: =IF(F16="","",F16*12) | I16: =IF(H16="","",H16-$B$3) | J16: =IF(I16="","",IF(I16<0,"Past - update date",IF(I16=0,"Renews TODAY",IF(I16<=1,"1 day",IF(I16<=3,"3 days",IF(I16<=7,"7 days",IF(I16<=30,"30 days","OK"))))))) | L16: =IF(K16="","",$B$3-K16) | O16: =IF(A16="","",IF(AND(B16<>"",COUNTIF($B$5:$B$104,B16)>1),"Overlap: "&COUNTIF($B$5:$B$104,B16)&" "&B16&" tools. ","")&IF(AND(L16<>"",L16>=14),"Idle "&L16&" days. ","")&IF(AND(M16<>"",N16<>"",M16>N16),M16-N16&" unused seat(s). ","")) | R16: =IF(OR(F16="",P16=""),"",IF(P16="Cancel",F16,IF(AND(P16="Downgrade",Q16<>""),MAX(F16-Q16,0),0))) | S16: =IF(R16="","",R16*12)
F17: =IF(D17="","",D17/IFERROR(INDEX(Lists!$D$2:$D$4,MATCH(E17,Lists!$C$2:$C$4,0)),1)) | G17: =IF(F17="","",F17*12) | I17: =IF(H17="","",H17-$B$3) | J17: =IF(I17="","",IF(I17<0,"Past - update date",IF(I17=0,"Renews TODAY",IF(I17<=1,"1 day",IF(I17<=3,"3 days",IF(I17<=7,"7 days",IF(I17<=30,"30 days","OK"))))))) | L17: =IF(K17="","",$B$3-K17) | O17: =IF(A17="","",IF(AND(B17<>"",COUNTIF($B$5:$B$104,B17)>1),"Overlap: "&COUNTIF($B$5:$B$104,B17)&" "&B17&" tools. ","")&IF(AND(L17<>"",L17>=14),"Idle "&L17&" days. ","")&IF(AND(M17<>"",N17<>"",M17>N17),M17-N17&" unused seat(s). ","")) | R17: =IF(OR(F17="",P17=""),"",IF(P17="Cancel",F17,IF(AND(P17="Downgrade",Q17<>""),MAX(F17-Q17,0),0))) | S17: =IF(R17="","",R17*12)
... F104: =IF(D104="","",D104/IFERROR(INDEX(Lists!$D$2:$D$4,MATCH(E104,Lists!$C$2:$C$4,0)),1)) | G104: =IF(F104="","",F104*12) | I104: =IF(H104="","",H104-$B$3) | J104: =IF(I104="","",IF(I104<0,"Past - update date",IF(I104=0,"Renews TODAY",IF(I104<=1,"1 day",IF(I104<=3,"3 days",IF(I104<=7,"7 days",IF(I104<=30,"30 days","OK"))))))) | L104: =IF(K104="","",$B$3-K104) | O104: =IF(A104="","",IF(AND(B104<>"",COUNTIF($B$5:$B$104,B104)>1),"Overlap: "&COUNTIF($B$5:$B$104,B104)&" "&B104&" tools. ","")&IF(AND(L104<>"",L104>=14),"Idle "&L104&" days. ","")&IF(AND(M104<>"",N104<>"",M104>N104),M104-N104&" unused seat(s). ","")) | R104: =IF(OR(F104="",P104=""),"",IF(P104="Cancel",F104,IF(AND(P104="Downgrade",Q104<>""),MAX(F104-Q104,0),0))) | S104: =IF(R104="","",R104*12)

Sheet Category Overlap
A1: Category Overlap
A2: Two or more tools in one category usually means you can cut one. Calculated from the Inventory tab.
A4: Category | B4: Tools | C4: Monthly spend ($) | D4: Annual spend ($) | E4: Check
A5: =Lists!A2 -> AI tools | B5: =COUNTIF(Inventory!$B$5:$B$104,A5) -> 0 | C5: =SUMIF(Inventory!$B$5:$B$104,A5,Inventory!$F$5:$F$104) -> 0 | D5: =C5*12 -> 0 | E5: =IF(B5>1,"Overlap - review","")
A6: =Lists!A3 -> Analytics | B6: =COUNTIF(Inventory!$B$5:$B$104,A6) -> 0 | C6: =SUMIF(Inventory!$B$5:$B$104,A6,Inventory!$F$5:$F$104) -> 0 | D6: =C6*12 -> 0 | E6: =IF(B6>1,"Overlap - review","")
A7: =Lists!A4 -> Automation | B7: =COUNTIF(Inventory!$B$5:$B$104,A7) -> 0 | C7: =SUMIF(Inventory!$B$5:$B$104,A7,Inventory!$F$5:$F$104) -> 0 | D7: =C7*12 -> 0 | E7: =IF(B7>1,"Overlap - review","")
A8: =Lists!A5 -> Cloud storage | B8: =COUNTIF(Inventory!$B$5:$B$104,A8) -> 0 | C8: =SUMIF(Inventory!$B$5:$B$104,A8,Inventory!$F$5:$F$104) -> 0 | D8: =C8*12 -> 0 | E8: =IF(B8>1,"Overlap - review","")
A9: =Lists!A6 -> Communication | B9: =COUNTIF(Inventory!$B$5:$B$104,A9) -> 0 | C9: =SUMIF(Inventory!$B$5:$B$104,A9,Inventory!$F$5:$F$104) -> 0 | D9: =C9*12 -> 0 | E9: =IF(B9>1,"Overlap - review","")
A10: =Lists!A7 -> CRM | B10: =COUNTIF(Inventory!$B$5:$B$104,A10) -> 0 | C10: =SUMIF(Inventory!$B$5:$B$104,A10,Inventory!$F$5:$F$104) -> 0 | D10: =C10*12 -> 0 | E10: =IF(B10>1,"Overlap - review","")
A11: =Lists!A8 -> Design | B11: =COUNTIF(Inventory!$B$5:$B$104,A11) -> 1 | C11: =SUMIF(Inventory!$B$5:$B$104,A11,Inventory!$F$5:$F$104) -> 10 | D11: =C11*12 -> 120 | E11: =IF(B11>1,"Overlap - review","")
A12: =Lists!A9 -> Email marketing | B12: =COUNTIF(Inventory!$B$5:$B$104,A12) -> 0 | C12: =SUMIF(Inventory!$B$5:$B$104,A12,Inventory!$F$5:$F$104) -> 0 | D12: =C12*12 -> 0 | E12: =IF(B12>1,"Overlap - review","")
A13: =Lists!A10 -> Funnels & landing pages | B13: =COUNTIF(Inventory!$B$5:$B$104,A13) -> 0 | C13: =SUMIF(Inventory!$B$5:$B$104,A13,Inventory!$F$5:$F$104) -> 0 | D13: =C13*12 -> 0 | E13: =IF(B13>1,"Overlap - review","")
A14: =Lists!A11 -> Hosting & domains | B14: =COUNTIF(Inventory!$B$5:$B$104,A14) -> 0 | C14: =SUMIF(Inventory!$B$5:$B$104,A14,Inventory!$F$5:$F$104) -> 0 | D14: =C14*12 -> 0 | E14: =IF(B14>1,"Overlap - review","")
A15: =Lists!A12 -> Project management | B15: =COUNTIF(Inventory!$B$5:$B$104,A15) -> 0 | C15: =SUMIF(Inventory!$B$5:$B$104,A15,Inventory!$F$5:$F$104) -> 0 | D15: =C15*12 -> 0 | E15: =IF(B15>1,"Overlap - review","")
A16: =Lists!A13 -> SEO | B16: =COUNTIF(Inventory!$B$5:$B$104,A16) -> 0 | C16: =SUMIF(Inventory!$B$5:$B$104,A16,Inventory!$F$5:$F$104) -> 0 | D16: =C16*12 -> 0 | E16: =IF(B16>1,"Overlap - review","")
... A19: =Lists!A16 -> Other | B19: =COUNTIF(Inventory!$B$5:$B$104,A19) -> 0 | C19: =SUMIF(Inventory!$B$5:$B$104,A19,Inventory!$F$5:$F$104) -> 0 | D19: =C19*12 -> 0 | E19: =IF(B19>1,"Overlap - review","")

Sheet Lists
A1: Categories | C1: Billing cycle | D1: Months | F1: Verdict
A2: AI tools | C2: Monthly | D2: 1 | F2: Keep
A3: Analytics | C3: Quarterly | D3: 3 | F3: Downgrade
A4: Automation | C4: Annual | D4: 12 | F4: Cancel
A5: Cloud storage | F5: Decide later
A6: Communication
A7: CRM
A8: Design
A9: Email marketing
A10: Funnels & landing pages
A11: Hosting & domains
A12: Project management
A13: SEO
A14: Social scheduling
A15: Video
A16: Other
